"id_foco_bdq","data_hora_gmt","longitude","latitude","satelite","frp","bioma","uf","municipio","wkt_geom"
1785738564,2025-09-26 04:14:00.000,-45.84853,-5.3932,NOAA-21,3.8,Cerrado,MARANHÃO,ITAIPAVA DO GRAJAÚ,POINT(-45.84853 -5.3932)
1785738248,2025-09-26 04:14:00.000,-45.85284,-5.39289,NOAA-21,3.4,Cerrado,MARANHÃO,ITAIPAVA DO GRAJAÚ,POINT(-45.85284 -5.39289)
1785737993,2025-09-26 04:14:00.000,-45.84878,-5.39354,NOAA-21,3.5,Cerrado,MARANHÃO,ITAIPAVA DO GRAJAÚ,POINT(-45.84878 -5.39354)
1785739842,2025-09-26 04:14:00.000,-45.85258,-5.39254,NOAA-21,4.2,Cerrado,MARANHÃO,ITAIPAVA DO GRAJAÚ,POINT(-45.85258 -5.39254)
1785739042,2025-09-26 04:14:00.000,-45.85231,-5.38934,NOAA-21,1.0,Cerrado,MARANHÃO,ITAIPAVA DO GRAJAÚ,POINT(-45.85231 -5.38934)
1785746098,2025-09-26 04:42:00.000,-45.85299,-5.3923,NPP-375D,1.5,Cerrado,MARANHÃO,ITAIPAVA DO GRAJAÚ,POINT(-45.85299 -5.3923)
1785742744,2025-09-26 04:42:00.000,-45.84874,-5.39294,NPP-375D,1.5,Cerrado,MARANHÃO,ITAIPAVA DO GRAJAÚ,POINT(-45.84874 -5.39294)
1785864229,2025-09-26 16:52:00.000,-45.84981,-5.39376,NOAA-21,8.6,Cerrado,MARANHÃO,ITAIPAVA DO GRAJAÚ,POINT(-45.84981 -5.39376)
1785864218,2025-09-26 16:52:00.000,-45.88108,-5.37816,NOAA-21,3.3,Cerrado,MARANHÃO,ITAIPAVA DO GRAJAÚ,POINT(-45.88108 -5.37816)
1785861904,2025-09-26 16:52:00.000,-45.85039,-5.38973,NOAA-21,4.1,Cerrado,MARANHÃO,ITAIPAVA DO GRAJAÚ,POINT(-45.85039 -5.38973)
1785928885,2025-09-27 04:21:00.000,-45.84894,-5.39343,NPP-375D,0.8,Cerrado,MARANHÃO,ITAIPAVA DO GRAJAÚ,POINT(-45.84894 -5.39343)
1786023153,2025-09-27 15:41:00.000,-45.84425,-5.39823,NOAA-20,6.3,Cerrado,MARANHÃO,ITAIPAVA DO GRAJAÚ,POINT(-45.84425 -5.39823)
1786022975,2025-09-27 15:41:00.000,-45.90215,-5.38895,NOAA-20,5.9,Cerrado,MARANHÃO,ITAIPAVA DO GRAJAÚ,POINT(-45.90215 -5.38895)
1786022851,2025-09-27 15:41:00.000,-45.84544,-5.4016,NOAA-20,5.5,Cerrado,MARANHÃO,ITAIPAVA DO GRAJAÚ,POINT(-45.84544 -5.4016)
1786036626,2025-09-27 16:33:00.000,-45.84595,-5.39701,NOAA-21,19.1,Cerrado,MARANHÃO,ITAIPAVA DO GRAJAÚ,POINT(-45.84595 -5.39701)
1786035764,2025-09-27 16:33:00.000,-45.97542,-5.35885,NOAA-21,7.2,Cerrado,MARANHÃO,ITAIPAVA DO GRAJAÚ,POINT(-45.97542 -5.35885)
1786035184,2025-09-27 16:33:00.000,-45.90367,-5.38893,NOAA-21,11.5,Cerrado,MARANHÃO,ITAIPAVA DO GRAJAÚ,POINT(-45.90367 -5.38893)
1786037999,2025-09-27 16:33:00.000,-45.97147,-5.36163,NOAA-21,7.2,Cerrado,MARANHÃO,ITAIPAVA DO GRAJAÚ,POINT(-45.97147 -5.36163)
1786034191,2025-09-27 16:33:00.000,-45.86421,-5.39304,NOAA-21,4.6,Cerrado,MARANHÃO,ITAIPAVA DO GRAJAÚ,POINT(-45.86421 -5.39304)
1786034122,2025-09-27 16:33:00.000,-45.85681,-5.39529,NOAA-21,14.6,Cerrado,MARANHÃO,ITAIPAVA DO GRAJAÚ,POINT(-45.85681 -5.39529)
1786034717,2025-09-27 16:33:00.000,-45.8494,-5.39754,NOAA-21,19.1,Cerrado,MARANHÃO,ITAIPAVA DO GRAJAÚ,POINT(-45.8494 -5.39754)
1786038389,2025-09-27 16:33:00.000,-45.84545,-5.40032,NOAA-21,2.3,Cerrado,MARANHÃO,ITAIPAVA DO GRAJAÚ,POINT(-45.84545 -5.40032)
1786038540,2025-09-27 16:33:00.000,-45.86471,-5.38973,NOAA-21,4.6,Cerrado,MARANHÃO,ITAIPAVA DO GRAJAÚ,POINT(-45.86471 -5.38973)
1786032740,2025-09-27 17:00:00.000,-45.85107,-5.39703,NPP-375,12.5,Cerrado,MARANHÃO,ITAIPAVA DO GRAJAÚ,POINT(-45.85107 -5.39703)
1786026275,2025-09-27 17:00:00.000,-45.97713,-5.36025,NPP-375,15.6,Cerrado,MARANHÃO,ITAIPAVA DO GRAJAÚ,POINT(-45.97713 -5.36025)
1786026760,2025-09-27 17:00:00.000,-45.85923,-5.3959,NPP-375,6.5,Cerrado,MARANHÃO,ITAIPAVA DO GRAJAÚ,POINT(-45.85923 -5.3959)
1786027387,2025-09-27 17:00:00.000,-45.84673,-5.39629,NPP-375,14.0,Cerrado,MARANHÃO,ITAIPAVA DO GRAJAÚ,POINT(-45.84673 -5.39629)
1786027481,2025-09-27 17:00:00.000,-45.90069,-5.38885,NPP-375,7.1,Cerrado,MARANHÃO,ITAIPAVA DO GRAJAÚ,POINT(-45.90069 -5.38885)
1786027642,2025-09-27 17:00:00.000,-45.84599,-5.40076,NPP-375,14.0,Cerrado,MARANHÃO,ITAIPAVA DO GRAJAÚ,POINT(-45.84599 -5.40076)
1786027813,2025-09-27 17:00:00.000,-45.85541,-5.39776,NPP-375,12.5,Cerrado,MARANHÃO,ITAIPAVA DO GRAJAÚ,POINT(-45.85541 -5.39776)
1786028076,2025-09-27 17:00:00.000,-45.85611,-5.39328,NPP-375,13.6,Cerrado,MARANHÃO,ITAIPAVA DO GRAJAÚ,POINT(-45.85611 -5.39328)
1786028560,2025-09-27 17:00:00.000,-45.90185,-5.38728,NPP-375,4.8,Cerrado,MARANHÃO,ITAIPAVA DO GRAJAÚ,POINT(-45.90185 -5.38728)
1786029506,2025-09-27 17:00:00.000,-45.86427,-5.39212,NPP-375,6.5,Cerrado,MARANHÃO,ITAIPAVA DO GRAJAÚ,POINT(-45.86427 -5.39212)
1786029689,2025-09-27 17:00:00.000,-45.85481,-5.39519,NPP-375,39.8,Cerrado,MARANHÃO,ITAIPAVA DO GRAJAÚ,POINT(-45.85481 -5.39519)
1786030804,2025-09-27 17:00:00.000,-45.90119,-5.39174,NPP-375,4.8,Cerrado,MARANHÃO,ITAIPAVA DO GRAJAÚ,POINT(-45.90119 -5.39174)
1786031317,2025-09-27 17:00:00.000,-45.97295,-5.35957,NPP-375,15.6,Cerrado,MARANHÃO,ITAIPAVA DO GRAJAÚ,POINT(-45.97295 -5.35957)
1786033109,2025-09-27 17:00:00.000,-45.8655,-5.39028,NPP-375,6.9,Cerrado,MARANHÃO,ITAIPAVA DO GRAJAÚ,POINT(-45.8655 -5.39028)
1786043817,2025-09-27 17:22:00.000,-45.97414,-5.35828,NOAA-20,15.3,Cerrado,MARANHÃO,ITAIPAVA DO GRAJAÚ,POINT(-45.97414 -5.35828)
1786044347,2025-09-27 17:22:00.000,-45.97529,-5.361,NOAA-20,15.7,Cerrado,MARANHÃO,ITAIPAVA DO GRAJAÚ,POINT(-45.97529 -5.361)
1786047722,2025-09-27 17:22:00.000,-45.84829,-5.3972,NOAA-20,8.0,Cerrado,MARANHÃO,ITAIPAVA DO GRAJAÚ,POINT(-45.84829 -5.3972)
1786048145,2025-09-27 17:22:00.000,-45.8539,-5.3982,NOAA-20,8.0,Cerrado,MARANHÃO,ITAIPAVA DO GRAJAÚ,POINT(-45.8539 -5.3982)
1786045145,2025-09-27 18:13:00.000,-45.91787,-5.39806,AQUA_M-T,18.0,Cerrado,MARANHÃO,ITAIPAVA DO GRAJAÚ,POINT(-45.91787 -5.39806)
1786082300,2025-09-28 04:04:00.000,-45.97456,-5.35909,NPP-375D,1.2,Cerrado,MARANHÃO,ITAIPAVA DO GRAJAÚ,POINT(-45.97456 -5.35909)
1786146479,2025-09-28 04:25:00.000,-45.84841,-5.3983,NOAA-20,1.5,Cerrado,MARANHÃO,ITAIPAVA DO GRAJAÚ,POINT(-45.84841 -5.3983)
1786112450,2025-09-28 04:25:00.000,-45.85876,-5.39667,NOAA-20,1.0,Cerrado,MARANHÃO,ITAIPAVA DO GRAJAÚ,POINT(-45.85876 -5.39667)
1786120083,2025-09-28 04:25:00.000,-45.97585,-5.35449,NOAA-20,0.6,Amazônia,MARANHÃO,ITAIPAVA DO GRAJAÚ,POINT(-45.97585 -5.35449)
1786126175,2025-09-28 04:25:00.000,-45.97637,-5.35779,NOAA-20,0.6,Amazônia,MARANHÃO,ITAIPAVA DO GRAJAÚ,POINT(-45.97637 -5.35779)
1786136270,2025-09-28 04:25:00.000,-45.85531,-5.39721,NOAA-20,1.2,Cerrado,MARANHÃO,ITAIPAVA DO GRAJAÚ,POINT(-45.85531 -5.39721)
1786142408,2025-09-28 04:25:00.000,-45.97292,-5.35834,NOAA-20,0.6,Cerrado,MARANHÃO,ITAIPAVA DO GRAJAÚ,POINT(-45.97292 -5.35834)
1786150164,2025-09-28 04:25:00.000,-45.85824,-5.39336,NOAA-20,1.0,Cerrado,MARANHÃO,ITAIPAVA DO GRAJAÚ,POINT(-45.85824 -5.39336)
1786196491,2025-09-28 16:13:00.000,-45.85327,-5.39859,NOAA-21,6.9,Cerrado,MARANHÃO,ITAIPAVA DO GRAJAÚ,POINT(-45.85327 -5.39859)
1786196254,2025-09-28 16:13:00.000,-45.86988,-5.38908,NOAA-21,52.4,Cerrado,MARANHÃO,ITAIPAVA DO GRAJAÚ,POINT(-45.86988 -5.38908)
1786198585,2025-09-28 16:13:00.000,-45.87484,-5.38981,NOAA-21,36.2,Cerrado,MARANHÃO,ITAIPAVA DO GRAJAÚ,POINT(-45.87484 -5.38981)
1786198868,2025-09-28 16:13:00.000,-45.9207,-5.38855,NOAA-21,5.0,Cerrado,MARANHÃO,ITAIPAVA DO GRAJAÚ,POINT(-45.9207 -5.38855)
1786201264,2025-09-28 16:41:00.000,-45.9217,-5.39108,NPP-375,3.7,Cerrado,MARANHÃO,ITAIPAVA DO GRAJAÚ,POINT(-45.9217 -5.39108)
1786201514,2025-09-28 16:41:00.000,-45.86979,-5.41099,NPP-375,2.2,Cerrado,MARANHÃO,ITAIPAVA DO GRAJAÚ,POINT(-45.86979 -5.41099)
1786201677,2025-09-28 16:41:00.000,-45.972,-5.35704,NPP-375,2.7,Cerrado,MARANHÃO,ITAIPAVA DO GRAJAÚ,POINT(-45.972 -5.35704)
1786202101,2025-09-28 16:41:00.000,-45.8788,-5.37741,NPP-375,2.9,Cerrado,MARANHÃO,ITAIPAVA DO GRAJAÚ,POINT(-45.8788 -5.37741)
1786203108,2025-09-28 16:41:00.000,-45.87349,-5.38708,NPP-375,10.1,Cerrado,MARANHÃO,ITAIPAVA DO GRAJAÚ,POINT(-45.87349 -5.38708)
1786205738,2025-09-28 16:41:00.000,-45.86927,-5.38992,NPP-375,11.9,Cerrado,MARANHÃO,ITAIPAVA DO GRAJAÚ,POINT(-45.86927 -5.38992)
1786207275,2025-09-28 16:41:00.000,-45.91123,-5.38596,NPP-375,41.1,Cerrado,MARANHÃO,ITAIPAVA DO GRAJAÚ,POINT(-45.91123 -5.38596)
1786208167,2025-09-28 16:41:00.000,-45.87295,-5.39049,NPP-375,10.1,Cerrado,MARANHÃO,ITAIPAVA DO GRAJAÚ,POINT(-45.87295 -5.39049)
1786208302,2025-09-28 16:41:00.000,-45.85873,-5.40928,NPP-375,1.3,Cerrado,MARANHÃO,ITAIPAVA DO GRAJAÚ,POINT(-45.85873 -5.40928)
1786208310,2025-09-28 16:41:00.000,-45.93588,-5.39677,NPP-375,1.8,Cerrado,MARANHÃO,ITAIPAVA DO GRAJAÚ,POINT(-45.93588 -5.39677)
1786209560,2025-09-28 16:41:00.000,-45.92221,-5.38766,NPP-375,3.7,Cerrado,MARANHÃO,ITAIPAVA DO GRAJAÚ,POINT(-45.92221 -5.38766)
1786210438,2025-09-28 16:41:00.000,-45.85247,-5.40131,NPP-375,3.1,Cerrado,MARANHÃO,ITAIPAVA DO GRAJAÚ,POINT(-45.85247 -5.40131)
1786210769,2025-09-28 16:41:00.000,-45.8609,-5.39562,NPP-375,5.5,Cerrado,MARANHÃO,ITAIPAVA DO GRAJAÚ,POINT(-45.8609 -5.39562)
1786213017,2025-09-28 17:02:00.000,-45.86719,-5.3929,NOAA-20,10.9,Cerrado,MARANHÃO,ITAIPAVA DO GRAJAÚ,POINT(-45.86719 -5.3929)
1786212326,2025-09-28 17:02:00.000,-45.87779,-5.37756,NOAA-20,2.5,Cerrado,MARANHÃO,ITAIPAVA DO GRAJAÚ,POINT(-45.87779 -5.37756)
1786214072,2025-09-28 17:02:00.000,-45.861,-5.39689,NOAA-20,4.2,Cerrado,MARANHÃO,ITAIPAVA DO GRAJAÚ,POINT(-45.861 -5.39689)
1786214327,2025-09-28 17:02:00.000,-45.97095,-5.35784,NOAA-20,6.4,Cerrado,MARANHÃO,ITAIPAVA DO GRAJAÚ,POINT(-45.97095 -5.35784)
1786215602,2025-09-28 17:02:00.000,-45.8695,-5.39134,NOAA-20,39.3,Cerrado,MARANHÃO,ITAIPAVA DO GRAJAÚ,POINT(-45.8695 -5.39134)
1786215610,2025-09-28 17:02:00.000,-45.86787,-5.38796,NOAA-20,10.9,Cerrado,MARANHÃO,ITAIPAVA DO GRAJAÚ,POINT(-45.86787 -5.38796)
1786217541,2025-09-28 17:02:00.000,-45.87259,-5.39383,NOAA-20,12.1,Cerrado,MARANHÃO,ITAIPAVA DO GRAJAÚ,POINT(-45.87259 -5.39383)
1786219214,2025-09-28 17:02:00.000,-45.87342,-5.38892,NOAA-20,12.1,Cerrado,MARANHÃO,ITAIPAVA DO GRAJAÚ,POINT(-45.87342 -5.38892)
1786382027,2025-09-29 15:56:00.000,-45.97094,-5.35386,NOAA-21,5.0,Cerrado,MARANHÃO,ITAIPAVA DO GRAJAÚ,POINT(-45.97094 -5.35386)
1786381185,2025-09-29 15:56:00.000,-45.9707,-5.35586,NOAA-21,5.5,Cerrado,MARANHÃO,ITAIPAVA DO GRAJAÚ,POINT(-45.9707 -5.35586)
1786384785,2025-09-29 16:22:00.000,-45.97174,-5.34989,NPP-375,10.1,Amazônia,MARANHÃO,ITAIPAVA DO GRAJAÚ,POINT(-45.97174 -5.34989)
1786385272,2025-09-29 16:22:00.000,-45.97487,-5.35352,NPP-375,14.5,Amazônia,MARANHÃO,ITAIPAVA DO GRAJAÚ,POINT(-45.97487 -5.35352)
1786388600,2025-09-29 16:22:00.000,-45.9711,-5.35349,NPP-375,10.1,Cerrado,MARANHÃO,ITAIPAVA DO GRAJAÚ,POINT(-45.9711 -5.35349)
1786388825,2025-09-29 16:22:00.000,-45.97068,-5.35289,NPP-375,14.5,Amazônia,MARANHÃO,ITAIPAVA DO GRAJAÚ,POINT(-45.97068 -5.35289)
1786389188,2025-09-29 16:22:00.000,-45.96991,-5.36071,NPP-375,17.6,Cerrado,MARANHÃO,ITAIPAVA DO GRAJAÚ,POINT(-45.96991 -5.36071)
1786389477,2025-09-29 16:22:00.000,-45.9753,-5.3541,NPP-375,10.1,Amazônia,MARANHÃO,ITAIPAVA DO GRAJAÚ,POINT(-45.9753 -5.3541)
1786383488,2025-09-29 16:22:00.000,-45.9705,-5.3571,NPP-375,10.1,Cerrado,MARANHÃO,ITAIPAVA DO GRAJAÚ,POINT(-45.9705 -5.3571)
1786394987,2025-09-29 16:43:00.000,-45.97564,-5.35374,NOAA-20,7.9,Amazônia,MARANHÃO,ITAIPAVA DO GRAJAÚ,POINT(-45.97564 -5.35374)
1786397170,2025-09-29 16:43:00.000,-45.97153,-5.3531,NOAA-20,4.6,Amazônia,MARANHÃO,ITAIPAVA DO GRAJAÚ,POINT(-45.97153 -5.3531)
1786397923,2025-09-29 16:43:00.000,-45.97105,-5.35671,NOAA-20,4.6,Cerrado,MARANHÃO,ITAIPAVA DO GRAJAÚ,POINT(-45.97105 -5.35671)
1786389106,2025-09-29 17:54:00.000,-45.96883,-5.35982,AQUA_M-T,13.2,Cerrado,MARANHÃO,ITAIPAVA DO GRAJAÚ,POINT(-45.96883 -5.35982)
1786383156,2025-09-29 17:54:00.000,-45.97894,-5.36126,AQUA_M-T,12.2,Amazônia,MARANHÃO,ITAIPAVA DO GRAJAÚ,POINT(-45.97894 -5.36126)
1786448291,2025-09-30 04:38:00.000,-45.96774,-5.35394,NOAA-21,1.3,Cerrado,MARANHÃO,ITAIPAVA DO GRAJAÚ,POINT(-45.96774 -5.35394)
1786448910,2025-09-30 04:38:00.000,-45.85672,-5.40865,NOAA-21,1.3,Cerrado,MARANHÃO,ITAIPAVA DO GRAJAÚ,POINT(-45.85672 -5.40865)
1786525341,2025-09-30 16:05:00.000,-45.96757,-5.3571,NPP-375,10.9,Cerrado,MARANHÃO,ITAIPAVA DO GRAJAÚ,POINT(-45.96757 -5.3571)
1786526262,2025-09-30 16:05:00.000,-45.96966,-5.34736,NPP-375,6.3,Amazônia,MARANHÃO,ITAIPAVA DO GRAJAÚ,POINT(-45.96966 -5.34736)
1786524924,2025-09-30 16:05:00.000,-45.92437,-5.35102,NPP-375,11.7,Cerrado,MARANHÃO,ITAIPAVA DO GRAJAÚ,POINT(-45.92437 -5.35102)
1786530116,2025-09-30 16:05:00.000,-45.90175,-5.39278,NPP-375,4.9,Cerrado,MARANHÃO,ITAIPAVA DO GRAJAÚ,POINT(-45.90175 -5.39278)
1786523070,2025-09-30 16:05:00.000,-45.8525,-5.40768,NPP-375,3.1,Cerrado,MARANHÃO,ITAIPAVA DO GRAJAÚ,POINT(-45.8525 -5.40768)
1786527949,2025-09-30 16:05:00.000,-45.96209,-5.35633,NPP-375,10.9,Cerrado,MARANHÃO,ITAIPAVA DO GRAJAÚ,POINT(-45.96209 -5.35633)
1786537357,2025-09-30 16:26:00.000,-45.8676,-5.38972,NOAA-20,3.8,Cerrado,MARANHÃO,ITAIPAVA DO GRAJAÚ,POINT(-45.8676 -5.38972)
1786535224,2025-09-30 16:26:00.000,-45.91623,-5.36242,NOAA-20,4.7,Cerrado,MARANHÃO,ITAIPAVA DO GRAJAÚ,POINT(-45.91623 -5.36242)
1786535364,2025-09-30 16:26:00.000,-45.86148,-5.40608,NOAA-20,3.8,Cerrado,MARANHÃO,ITAIPAVA DO GRAJAÚ,POINT(-45.86148 -5.40608)
1786535425,2025-09-30 16:26:00.000,-45.87678,-5.37727,NOAA-20,4.0,Cerrado,MARANHÃO,ITAIPAVA DO GRAJAÚ,POINT(-45.87678 -5.37727)
1786536191,2025-09-30 16:26:00.000,-45.8537,-5.40836,NOAA-20,7.1,Cerrado,MARANHÃO,ITAIPAVA DO GRAJAÚ,POINT(-45.8537 -5.40836)
1786536302,2025-09-30 16:26:00.000,-45.92498,-5.35334,NOAA-20,44.6,Cerrado,MARANHÃO,ITAIPAVA DO GRAJAÚ,POINT(-45.92498 -5.35334)
1786536573,2025-09-30 16:26:00.000,-45.96795,-5.3632,NOAA-20,3.2,Cerrado,MARANHÃO,ITAIPAVA DO GRAJAÚ,POINT(-45.96795 -5.3632)
1786536712,2025-09-30 16:26:00.000,-45.92134,-5.3528,NOAA-20,23.2,Cerrado,MARANHÃO,ITAIPAVA DO GRAJAÚ,POINT(-45.92134 -5.3528)
1786536790,2025-09-30 16:26:00.000,-45.92181,-5.34941,NOAA-20,23.2,Cerrado,MARANHÃO,ITAIPAVA DO GRAJAÚ,POINT(-45.92181 -5.34941)
1786536963,2025-09-30 16:26:00.000,-45.86198,-5.4027,NOAA-20,3.8,Cerrado,MARANHÃO,ITAIPAVA DO GRAJAÚ,POINT(-45.86198 -5.4027)
1786537039,2025-09-30 16:26:00.000,-45.90384,-5.39517,NOAA-20,7.1,Cerrado,MARANHÃO,ITAIPAVA DO GRAJAÚ,POINT(-45.90384 -5.39517)
1786537748,2025-09-30 16:26:00.000,-45.92665,-5.39167,NOAA-20,15.1,Cerrado,MARANHÃO,ITAIPAVA DO GRAJAÚ,POINT(-45.92665 -5.39167)
1786538231,2025-09-30 16:26:00.000,-45.8651,-5.40663,NOAA-20,5.3,Cerrado,MARANHÃO,ITAIPAVA DO GRAJAÚ,POINT(-45.8651 -5.40663)
1786538681,2025-09-30 16:26:00.000,-45.96535,-5.35589,NOAA-20,13.3,Cerrado,MARANHÃO,ITAIPAVA DO GRAJAÚ,POINT(-45.96535 -5.35589)
1786539466,2025-09-30 16:26:00.000,-45.86561,-5.40325,NOAA-20,5.3,Cerrado,MARANHÃO,ITAIPAVA DO GRAJAÚ,POINT(-45.86561 -5.40325)
1786540890,2025-09-30 16:26:00.000,-45.90022,-5.39463,NOAA-20,3.5,Cerrado,MARANHÃO,ITAIPAVA DO GRAJAÚ,POINT(-45.90022 -5.39463)
1786541928,2025-09-30 16:26:00.000,-45.9701,-5.34966,NOAA-20,12.5,Amazônia,MARANHÃO,ITAIPAVA DO GRAJAÚ,POINT(-45.9701 -5.34966)
1786542051,2025-09-30 16:26:00.000,-45.85733,-5.40891,NOAA-20,8.1,Cerrado,MARANHÃO,ITAIPAVA DO GRAJAÚ,POINT(-45.85733 -5.40891)
1786556188,2025-09-30 17:15:00.000,-45.92752,-5.34947,NOAA-21,20.5,Cerrado,MARANHÃO,ITAIPAVA DO GRAJAÚ,POINT(-45.92752 -5.34947)
1786558910,2025-09-30 17:15:00.000,-45.966,-5.35708,NOAA-21,5.5,Cerrado,MARANHÃO,ITAIPAVA DO GRAJAÚ,POINT(-45.966 -5.35708)
1786551666,2025-09-30 17:15:00.000,-45.8665,-5.40233,NOAA-21,10.6,Cerrado,MARANHÃO,ITAIPAVA DO GRAJAÚ,POINT(-45.8665 -5.40233)
1786553135,2025-09-30 17:15:00.000,-45.93011,-5.39461,NOAA-21,6.0,Cerrado,MARANHÃO,ITAIPAVA DO GRAJAÚ,POINT(-45.93011 -5.39461)
1786556985,2025-09-30 17:15:00.000,-45.96643,-5.35089,NOAA-21,5.5,Cerrado,MARANHÃO,ITAIPAVA DO GRAJAÚ,POINT(-45.96643 -5.35089)
1786553243,2025-09-30 17:15:00.000,-45.96531,-5.35593,NOAA-21,9.9,Cerrado,MARANHÃO,ITAIPAVA DO GRAJAÚ,POINT(-45.96531 -5.35593)
1786553810,2025-09-30 17:15:00.000,-45.92368,-5.34953,NOAA-21,28.6,Cerrado,MARANHÃO,ITAIPAVA DO GRAJAÚ,POINT(-45.92368 -5.34953)
1786554066,2025-09-30 17:15:00.000,-45.85635,-5.40686,NOAA-21,7.6,Cerrado,MARANHÃO,ITAIPAVA DO GRAJAÚ,POINT(-45.85635 -5.40686)
1786554209,2025-09-30 17:15:00.000,-45.92299,-5.3487,NOAA-21,20.5,Cerrado,MARANHÃO,ITAIPAVA DO GRAJAÚ,POINT(-45.92299 -5.3487)
1786555881,2025-09-30 17:15:00.000,-45.92553,-5.3938,NOAA-21,6.0,Cerrado,MARANHÃO,ITAIPAVA DO GRAJAÚ,POINT(-45.92553 -5.3938)
1786556077,2025-09-30 17:15:00.000,-45.9164,-5.3608,NOAA-21,43.3,Cerrado,MARANHÃO,ITAIPAVA DO GRAJAÚ,POINT(-45.9164 -5.3608)
1786532734,2025-09-30 18:20:00.000,-45.9194,-5.3951,GOES-19,79.7,Cerrado,MARANHÃO,ITAIPAVA DO GRAJAÚ,POINT(-45.9194 -5.3951)
1786533066,2025-09-30 18:40:00.000,-45.9194,-5.3951,GOES-19,64.6,Cerrado,MARANHÃO,ITAIPAVA DO GRAJAÚ,POINT(-45.9194 -5.3951)
1786542490,2025-09-30 19:30:00.000,-45.9194,-5.3951,GOES-19,65.6,Cerrado,MARANHÃO,ITAIPAVA DO GRAJAÚ,POINT(-45.9194 -5.3951)
1786681463,2025-10-01 16:05:00.000,-45.96196,-5.36175,NOAA-20,2.8,Cerrado,MARANHÃO,ITAIPAVA DO GRAJAÚ,POINT(-45.96196 -5.36175)
1786677169,2025-10-01 16:05:00.000,-45.92124,-5.40102,NOAA-20,6.6,Cerrado,MARANHÃO,ITAIPAVA DO GRAJAÚ,POINT(-45.92124 -5.40102)
1786679791,2025-10-01 16:58:00.000,-45.88048,-5.43791,NOAA-21,5.3,Cerrado,MARANHÃO,ITAIPAVA DO GRAJAÚ,POINT(-45.88048 -5.43791)
1786675081,2025-10-01 16:58:00.000,-45.91474,-5.35792,NOAA-21,14.8,Cerrado,MARANHÃO,ITAIPAVA DO GRAJAÚ,POINT(-45.91474 -5.35792)
1786724868,2025-10-02 04:27:00.000,-45.96031,-5.35779,NPP-375D,0.7,Cerrado,MARANHÃO,ITAIPAVA DO GRAJAÚ,POINT(-45.96031 -5.35779)
1786727994,2025-10-02 04:27:00.000,-45.95979,-5.35446,NPP-375D,0.7,Cerrado,MARANHÃO,ITAIPAVA DO GRAJAÚ,POINT(-45.95979 -5.35446)
1786717749,2025-10-02 04:49:00.000,-45.96039,-5.35223,NOAA-20,1.7,Cerrado,MARANHÃO,ITAIPAVA DO GRAJAÚ,POINT(-45.96039 -5.35223)
1786839203,2025-10-02 16:37:00.000,-45.98125,-5.34656,NOAA-21,11.2,Amazônia,MARANHÃO,ITAIPAVA DO GRAJAÚ,POINT(-45.98125 -5.34656)
1786835449,2025-10-02 17:07:00.000,-45.90174,-5.38148,NPP-375,12.6,Cerrado,MARANHÃO,ITAIPAVA DO GRAJAÚ,POINT(-45.90174 -5.38148)
1786829823,2025-10-02 17:07:00.000,-45.89051,-5.37953,NPP-375,20.0,Cerrado,MARANHÃO,ITAIPAVA DO GRAJAÚ,POINT(-45.89051 -5.37953)
1786832287,2025-10-02 17:07:00.000,-45.89299,-5.37955,NPP-375,8.1,Cerrado,MARANHÃO,ITAIPAVA DO GRAJAÚ,POINT(-45.89299 -5.37955)
1786837045,2025-10-02 17:07:00.000,-45.91666,-5.39939,NPP-375,5.8,Cerrado,MARANHÃO,ITAIPAVA DO GRAJAÚ,POINT(-45.91666 -5.39939)
1786837296,2025-10-02 17:07:00.000,-45.89861,-5.38048,NPP-375,8.1,Cerrado,MARANHÃO,ITAIPAVA DO GRAJAÚ,POINT(-45.89861 -5.38048)
1786846197,2025-10-02 18:09:00.000,-45.91865,-5.39795,AQUA_M-T,12.4,Cerrado,MARANHÃO,ITAIPAVA DO GRAJAÚ,POINT(-45.91865 -5.39795)
1786847614,2025-10-02 18:09:00.000,-45.88997,-5.38403,AQUA_M-T,18.4,Cerrado,MARANHÃO,ITAIPAVA DO GRAJAÚ,POINT(-45.88997 -5.38403)
1786890679,2025-10-03 04:10:00.000,-45.95797,-5.36007,NPP-375D,2.1,Cerrado,MARANHÃO,ITAIPAVA DO GRAJAÚ,POINT(-45.95797 -5.36007)
1786894938,2025-10-03 04:32:00.000,-45.959,-5.35769,NOAA-20,1.3,Cerrado,MARANHÃO,ITAIPAVA DO GRAJAÚ,POINT(-45.959 -5.35769)
1786887823,2025-10-03 04:32:00.000,-45.95955,-5.36106,NOAA-20,1.3,Cerrado,MARANHÃO,ITAIPAVA DO GRAJAÚ,POINT(-45.95955 -5.36106)
1787021130,2025-10-03 16:20:00.000,-45.93501,-5.38502,NOAA-21,3.9,Cerrado,MARANHÃO,ITAIPAVA DO GRAJAÚ,POINT(-45.93501 -5.38502)
1787022065,2025-10-03 16:20:00.000,-45.88262,-5.3993,NOAA-21,11.4,Cerrado,MARANHÃO,ITAIPAVA DO GRAJAÚ,POINT(-45.88262 -5.3993)
1787004959,2025-10-03 16:48:00.000,-45.91763,-5.40077,NPP-375,3.8,Cerrado,MARANHÃO,ITAIPAVA DO GRAJAÚ,POINT(-45.91763 -5.40077)
1787011623,2025-10-03 16:48:00.000,-45.93307,-5.38452,NPP-375,9.5,Cerrado,MARANHÃO,ITAIPAVA DO GRAJAÚ,POINT(-45.93307 -5.38452)
1787085690,2025-10-04 04:12:00.000,-45.93692,-5.3828,NOAA-20,1.3,Cerrado,MARANHÃO,ITAIPAVA DO GRAJAÚ,POINT(-45.93692 -5.3828)
1787215696,2025-10-04 16:03:00.000,-45.86921,-5.38376,NOAA-21,14.1,Cerrado,MARANHÃO,ITAIPAVA DO GRAJAÚ,POINT(-45.86921 -5.38376)
1787215804,2025-10-04 16:03:00.000,-45.87684,-5.39128,NOAA-21,7.9,Cerrado,MARANHÃO,ITAIPAVA DO GRAJAÚ,POINT(-45.87684 -5.39128)
1787216142,2025-10-04 16:03:00.000,-45.86776,-5.37508,NOAA-21,5.3,Cerrado,MARANHÃO,ITAIPAVA DO GRAJAÚ,POINT(-45.86776 -5.37508)
1787216518,2025-10-04 16:03:00.000,-45.87907,-5.39504,NOAA-21,7.3,Cerrado,MARANHÃO,ITAIPAVA DO GRAJAÚ,POINT(-45.87907 -5.39504)
1787217304,2025-10-04 16:03:00.000,-45.86664,-5.38482,NOAA-21,9.8,Cerrado,MARANHÃO,ITAIPAVA DO GRAJAÚ,POINT(-45.86664 -5.38482)
1787232982,2025-10-04 16:30:00.000,-45.86944,-5.37411,NPP-375,31.7,Cerrado,MARANHÃO,ITAIPAVA DO GRAJAÚ,POINT(-45.86944 -5.37411)
1787235117,2025-10-04 16:30:00.000,-45.91017,-5.34905,NPP-375,7.3,Cerrado,MARANHÃO,ITAIPAVA DO GRAJAÚ,POINT(-45.91017 -5.34905)
1787241938,2025-10-04 16:30:00.000,-45.86534,-5.37695,NPP-375,21.9,Cerrado,MARANHÃO,ITAIPAVA DO GRAJAÚ,POINT(-45.86534 -5.37695)
1787236340,2025-10-04 17:49:00.000,-45.8742,-5.37365,AQUA_M-T,33.3,Cerrado,MARANHÃO,ITAIPAVA DO GRAJAÚ,POINT(-45.8742 -5.37365)
1787315664,2025-10-05 03:53:00.000,-45.95425,-5.36302,NOAA-20,2.6,Cerrado,MARANHÃO,ITAIPAVA DO GRAJAÚ,POINT(-45.95425 -5.36302)
1787305066,2025-10-05 03:53:00.000,-45.95442,-5.35979,NOAA-20,1.5,Cerrado,MARANHÃO,ITAIPAVA DO GRAJAÚ,POINT(-45.95442 -5.35979)
1787309355,2025-10-05 03:53:00.000,-45.95359,-5.35807,NOAA-20,1.9,Cerrado,MARANHÃO,ITAIPAVA DO GRAJAÚ,POINT(-45.95359 -5.35807)
1787316728,2025-10-05 03:53:00.000,-45.95522,-5.36471,NOAA-20,1.5,Cerrado,MARANHÃO,ITAIPAVA DO GRAJAÚ,POINT(-45.95522 -5.36471)
1787304247,2025-10-05 04:44:00.000,-45.94958,-5.35687,NOAA-21,1.1,Cerrado,MARANHÃO,ITAIPAVA DO GRAJAÚ,POINT(-45.94958 -5.35687)
1787307004,2025-10-05 04:44:00.000,-45.95032,-5.36084,NOAA-21,1.1,Cerrado,MARANHÃO,ITAIPAVA DO GRAJAÚ,POINT(-45.95032 -5.36084)
1787310050,2025-10-05 04:44:00.000,-45.95025,-5.35853,NOAA-21,2.2,Cerrado,MARANHÃO,ITAIPAVA DO GRAJAÚ,POINT(-45.95025 -5.35853)
1787306723,2025-10-05 04:44:00.000,-45.95383,-5.36033,NOAA-21,1.1,Cerrado,MARANHÃO,ITAIPAVA DO GRAJAÚ,POINT(-45.95383 -5.36033)
1787316744,2025-10-05 04:44:00.000,-45.95798,-5.3638,NOAA-21,1.2,Cerrado,MARANHÃO,ITAIPAVA DO GRAJAÚ,POINT(-45.95798 -5.3638)
1787317549,2025-10-05 04:44:00.000,-45.95446,-5.36431,NOAA-21,2.2,Cerrado,MARANHÃO,ITAIPAVA DO GRAJAÚ,POINT(-45.95446 -5.36431)
1787422780,2025-10-05 16:09:00.000,-45.91701,-5.40471,NPP-375,2.9,Cerrado,MARANHÃO,ITAIPAVA DO GRAJAÚ,POINT(-45.91701 -5.40471)
1787423060,2025-10-05 16:09:00.000,-45.95178,-5.36088,NPP-375,4.3,Cerrado,MARANHÃO,ITAIPAVA DO GRAJAÚ,POINT(-45.95178 -5.36088)
1787423333,2025-10-05 16:09:00.000,-45.94843,-5.35591,NPP-375,5.6,Cerrado,MARANHÃO,ITAIPAVA DO GRAJAÚ,POINT(-45.94843 -5.35591)
1787427421,2025-10-05 16:09:00.000,-45.93193,-5.38044,NPP-375,8.0,Cerrado,MARANHÃO,ITAIPAVA DO GRAJAÚ,POINT(-45.93193 -5.38044)
1787433500,2025-10-05 16:09:00.000,-45.91525,-5.40489,NPP-375,2.3,Cerrado,MARANHÃO,ITAIPAVA DO GRAJAÚ,POINT(-45.91525 -5.40489)
1787441928,2025-10-05 16:33:00.000,-45.95104,-5.35933,NOAA-20,3.3,Cerrado,MARANHÃO,ITAIPAVA DO GRAJAÚ,POINT(-45.95104 -5.35933)
1787436867,2025-10-05 16:33:00.000,-45.94759,-5.35881,NOAA-20,3.3,Cerrado,MARANHÃO,ITAIPAVA DO GRAJAÚ,POINT(-45.94759 -5.35881)
1787441689,2025-10-05 16:33:00.000,-45.95349,-5.36647,NOAA-20,1.7,Cerrado,MARANHÃO,ITAIPAVA DO GRAJAÚ,POINT(-45.95349 -5.36647)
1787442418,2025-10-05 16:33:00.000,-45.86671,-5.38035,NOAA-20,6.6,Cerrado,MARANHÃO,ITAIPAVA DO GRAJAÚ,POINT(-45.86671 -5.38035)
1787443363,2025-10-05 16:33:00.000,-45.95054,-5.36264,NOAA-20,3.3,Cerrado,MARANHÃO,ITAIPAVA DO GRAJAÚ,POINT(-45.95054 -5.36264)
1787443401,2025-10-05 16:33:00.000,-45.86966,-5.38418,NOAA-20,6.6,Cerrado,MARANHÃO,ITAIPAVA DO GRAJAÚ,POINT(-45.86966 -5.38418)
1787444989,2025-10-05 16:33:00.000,-45.95694,-5.36699,NOAA-20,1.7,Cerrado,MARANHÃO,ITAIPAVA DO GRAJAÚ,POINT(-45.95694 -5.36699)
1787444996,2025-10-05 16:33:00.000,-45.93375,-5.38038,NOAA-20,8.9,Cerrado,MARANHÃO,ITAIPAVA DO GRAJAÚ,POINT(-45.93375 -5.38038)
1787445912,2025-10-05 16:33:00.000,-45.87117,-5.37426,NOAA-20,6.6,Cerrado,MARANHÃO,ITAIPAVA DO GRAJAÚ,POINT(-45.87117 -5.37426)
1787446676,2025-10-05 16:33:00.000,-45.87016,-5.38087,NOAA-20,6.6,Cerrado,MARANHÃO,ITAIPAVA DO GRAJAÚ,POINT(-45.87016 -5.38087)
1787447144,2025-10-05 16:33:00.000,-45.9066,-5.39656,NOAA-20,5.7,Cerrado,MARANHÃO,ITAIPAVA DO GRAJAÚ,POINT(-45.9066 -5.39656)
1787463526,2025-10-05 17:22:00.000,-45.88873,-5.39011,NOAA-21,15.9,Cerrado,MARANHÃO,ITAIPAVA DO GRAJAÚ,POINT(-45.88873 -5.39011)
1787466681,2025-10-05 17:22:00.000,-45.88861,-5.39324,NOAA-21,10.1,Cerrado,MARANHÃO,ITAIPAVA DO GRAJAÚ,POINT(-45.88861 -5.39324)
1787467794,2025-10-05 17:22:00.000,-45.88275,-5.39217,NOAA-21,12.2,Cerrado,MARANHÃO,ITAIPAVA DO GRAJAÚ,POINT(-45.88275 -5.39217)
1787464221,2025-10-05 20:00:00.000,-45.8722,-5.4328,GOES-19,137.7,Cerrado,MARANHÃO,ITAIPAVA DO GRAJAÚ,POINT(-45.8722 -5.4328)
1787512740,2025-10-06 04:25:00.000,-45.91782,-5.40667,NOAA-21,1.1,Cerrado,MARANHÃO,ITAIPAVA DO GRAJAÚ,POINT(-45.91782 -5.40667)
1787512642,2025-10-06 04:25:00.000,-45.95394,-5.36726,NOAA-21,2.7,Cerrado,MARANHÃO,ITAIPAVA DO GRAJAÚ,POINT(-45.95394 -5.36726)
1787514117,2025-10-06 04:25:00.000,-45.9173,-5.40338,NOAA-21,1.1,Cerrado,MARANHÃO,ITAIPAVA DO GRAJAÚ,POINT(-45.9173 -5.40338)
1787515684,2025-10-06 04:25:00.000,-45.95737,-5.36672,NOAA-21,1.9,Cerrado,MARANHÃO,ITAIPAVA DO GRAJAÚ,POINT(-45.95737 -5.36672)
1787712896,2025-10-07 04:08:00.000,-45.91212,-5.40119,NOAA-21,2.8,Cerrado,MARANHÃO,ITAIPAVA DO GRAJAÚ,POINT(-45.91212 -5.40119)
1787737527,2025-10-07 04:36:00.000,-45.91459,-5.40153,NPP-375D,1.2,Cerrado,MARANHÃO,ITAIPAVA DO GRAJAÚ,POINT(-45.91459 -5.40153)
1787738676,2025-10-07 04:36:00.000,-45.91407,-5.39811,NPP-375D,1.2,Cerrado,MARANHÃO,ITAIPAVA DO GRAJAÚ,POINT(-45.91407 -5.39811)
1788068277,2025-10-08 16:26:00.000,-45.97893,-5.34501,NOAA-21,9.7,Amazônia,MARANHÃO,ITAIPAVA DO GRAJAÚ,POINT(-45.97893 -5.34501)
1788056463,2025-10-08 16:54:00.000,-45.98032,-5.345,NPP-375,4.2,Amazônia,MARANHÃO,ITAIPAVA DO GRAJAÚ,POINT(-45.98032 -5.345)
1788124042,2025-10-09 04:17:00.000,-45.90981,-5.40655,NOAA-20,4.4,Cerrado,MARANHÃO,ITAIPAVA DO GRAJAÚ,POINT(-45.90981 -5.40655)
1788236240,2025-10-09 16:37:00.000,-45.90971,-5.40293,NPP-375,5.0,Cerrado,MARANHÃO,ITAIPAVA DO GRAJAÚ,POINT(-45.90971 -5.40293)
1788231316,2025-10-09 16:37:00.000,-45.93755,-5.38715,NPP-375,5.3,Cerrado,MARANHÃO,ITAIPAVA DO GRAJAÚ,POINT(-45.93755 -5.38715)
1788232626,2025-10-09 16:37:00.000,-45.9092,-5.40625,NPP-375,5.0,Cerrado,MARANHÃO,ITAIPAVA DO GRAJAÚ,POINT(-45.9092 -5.40625)
1788233075,2025-10-09 16:37:00.000,-45.93704,-5.39047,NPP-375,5.3,Cerrado,MARANHÃO,ITAIPAVA DO GRAJAÚ,POINT(-45.93704 -5.39047)
1788234189,2025-10-09 16:37:00.000,-45.95298,-5.35552,NPP-375,21.1,Cerrado,MARANHÃO,ITAIPAVA DO GRAJAÚ,POINT(-45.95298 -5.35552)
1788235850,2025-10-09 16:37:00.000,-45.91267,-5.40678,NPP-375,5.0,Cerrado,MARANHÃO,ITAIPAVA DO GRAJAÚ,POINT(-45.91267 -5.40678)
1788237456,2025-10-09 16:37:00.000,-45.9087,-5.40957,NPP-375,10.4,Cerrado,MARANHÃO,ITAIPAVA DO GRAJAÚ,POINT(-45.9087 -5.40957)
1788237622,2025-10-09 16:37:00.000,-45.91216,-5.4101,NPP-375,10.4,Cerrado,MARANHÃO,ITAIPAVA DO GRAJAÚ,POINT(-45.91216 -5.4101)
1788397634,2025-10-10 16:37:00.000,-45.90943,-5.36272,NOAA-20,3.3,Cerrado,MARANHÃO,ITAIPAVA DO GRAJAÚ,POINT(-45.90943 -5.36272)
1788397882,2025-10-10 16:37:00.000,-45.91301,-5.36327,NOAA-20,3.3,Cerrado,MARANHÃO,ITAIPAVA DO GRAJAÚ,POINT(-45.91301 -5.36327)
1788786556,2025-10-13 04:21:00.000,-45.96519,-5.34928,NPP-375D,1.2,Cerrado,MARANHÃO,ITAIPAVA DO GRAJAÚ,POINT(-45.96519 -5.34928)
1788904048,2025-10-13 16:33:00.000,-45.87131,-5.37031,NOAA-21,10.9,Cerrado,MARANHÃO,ITAIPAVA DO GRAJAÚ,POINT(-45.87131 -5.37031)
1789062445,2025-10-14 16:41:00.000,-45.85536,-5.40177,NPP-375,11.4,Cerrado,MARANHÃO,ITAIPAVA DO GRAJAÚ,POINT(-45.85536 -5.40177)
1789063116,2025-10-14 16:41:00.000,-45.95391,-5.35116,NPP-375,3.5,Cerrado,MARANHÃO,ITAIPAVA DO GRAJAÚ,POINT(-45.95391 -5.35116)
1789058279,2025-10-14 16:41:00.000,-45.95761,-5.35173,NPP-375,3.5,Cerrado,MARANHÃO,ITAIPAVA DO GRAJAÚ,POINT(-45.95761 -5.35173)
1789059820,2025-10-14 16:41:00.000,-45.87526,-5.37393,NPP-375,2.3,Cerrado,MARANHÃO,ITAIPAVA DO GRAJAÚ,POINT(-45.87526 -5.37393)
1789061100,2025-10-14 16:41:00.000,-45.85902,-5.40235,NPP-375,11.4,Cerrado,MARANHÃO,ITAIPAVA DO GRAJAÚ,POINT(-45.85902 -5.40235)
1789071390,2025-10-14 17:02:00.000,-45.85632,-5.40293,NOAA-20,3.5,Cerrado,MARANHÃO,ITAIPAVA DO GRAJAÚ,POINT(-45.85632 -5.40293)
